id;report_request_date;requested_by;report_file;report_file_content_type
1;2019-06-11T04:39:12;Configurable;527570696168;image/png
2;2019-06-10T17:44:25;Automotive approach Borders;53706f727473;image/png
3;2019-06-11T05:17:09;monetize Frozen;677265656e20436869636b656e205461737479;image/png
4;2019-06-10T15:53:51;circuit;47656e65726963204772616e69746520476c6f76657320636170616369746f72;image/png
5;2019-06-10T10:16:07;alarm neural seamless;73796e74686573697a696e67204d616e6f7273;image/png
6;2019-06-10T15:43:33;Central African Republic;53686f657320484444;image/png
7;2019-06-11T01:54:38;Architect;6465706f7369742041766f6e;image/png
8;2019-06-10T17:50:35;alarm;416e616c797374206465706f736974;image/png
9;2019-06-11T02:22:58;Algerian Dinar Practical Steel Mouse;585353;image/png
10;2019-06-10T13:43:11;program e-commerce;417765736f6d6520467265736820486174204e6577204a6572736579;image/png
